title,company_name,link
"General Hiring: Software Engineer,TikTok Product Engineering",TikTok,https://www.indeed.com/cmp/Tiktok
newFull-Stack Developer,"William S. Hein & Co., Inc.",Link is not available
AWS Python Developer,Deloitte,https://www.indeed.com/cmp/Deloitte
JPC - 671 - VueJS Developer or Python Developer,Promantis Inc,Link is not available
newPython API Developer,Infostretch,https://www.indeed.com/cmp/Infostretch
SENIOR SOFTWARE DEVELOPER,TeamWorld,https://www.indeed.com/cmp/Teamworld-Corporate-Programs-1
newC++/Perl/Python Linux developer,"JPMorgan Chase Bank, N.A.",https://www.indeed.com/cmp/Chase-2
newAssociate Software Developer (REMOTE),NYISO,https://www.indeed.com/cmp/Nyiso
"newEngineering Manager, WLAN Drivers, Fuchsia",Google,https://www.indeed.com/cmp/Google
Junior Software Engineer,Alloy,https://www.indeed.com/cmp/Alloy
newFront End Engineer ll (remote),Amazon.com Services LLC,https://www.indeed.com/cmp/Amazon.com
Software Developer,Architecture Technology Corporation (ATCorp),Link is not available
"newFull-Stack Software Engineer, TikTok User Growth",TikTok,https://www.indeed.com/cmp/Tiktok
newSoftware Engineer,LOCKHEED MARTIN CORPORATION,https://www.indeed.com/cmp/Lockheed-Martin
Web Developer,The New York Times,https://www.indeed.com/cmp/The-New-York-Times
"General Hiring: Software Engineer,TikTok Product Engineering",TikTok,https://www.indeed.com/cmp/Tiktok
AWS Python Developer,Deloitte,https://www.indeed.com/cmp/Deloitte
newFull-Stack Developer,"William S. Hein & Co., Inc.",Link is not available
JPC - 671 - VueJS Developer or Python Developer,Promantis Inc,Link is not available
SENIOR SOFTWARE DEVELOPER,TeamWorld,https://www.indeed.com/cmp/Teamworld-Corporate-Programs-1
newC++/Perl/Python Linux developer,"JPMorgan Chase Bank, N.A.",https://www.indeed.com/cmp/Chase-2
"newSoftware Engineering Manager II, Google Play",Google,https://www.indeed.com/cmp/Google
newPython API Developer,Infostretch,https://www.indeed.com/cmp/Infostretch
newAssociate Software Developer (REMOTE),NYISO,https://www.indeed.com/cmp/Nyiso
"newEngineering Manager, WLAN Drivers, Fuchsia",Google,https://www.indeed.com/cmp/Google
Junior Software Engineer,Alloy,https://www.indeed.com/cmp/Alloy
newFront End Engineer ll (remote),Amazon.com Services LLC,https://www.indeed.com/cmp/Amazon.com
Software Developer,Architecture Technology Corporation (ATCorp),Link is not available
newSoftware Engineer,LOCKHEED MARTIN CORPORATION,https://www.indeed.com/cmp/Lockheed-Martin
Web Developer,The New York Times,https://www.indeed.com/cmp/The-New-York-Times
"General Hiring: Software Engineer,TikTok Product Engineering",TikTok,https://www.indeed.com/cmp/Tiktok
AWS Python Developer,Deloitte,https://www.indeed.com/cmp/Deloitte
newFull-Stack Developer,"William S. Hein & Co., Inc.",Link is not available
JPC - 671 - VueJS Developer or Python Developer,Promantis Inc,Link is not available
SENIOR SOFTWARE DEVELOPER,TeamWorld,https://www.indeed.com/cmp/Teamworld-Corporate-Programs-1
newC++/Perl/Python Linux developer,"JPMorgan Chase Bank, N.A.",https://www.indeed.com/cmp/Chase-2
newPython API Developer,Infostretch,https://www.indeed.com/cmp/Infostretch
newAssociate Software Developer (REMOTE),NYISO,https://www.indeed.com/cmp/Nyiso
"newEngineering Manager, WLAN Drivers, Fuchsia",Google,https://www.indeed.com/cmp/Google
Junior Software Engineer,Alloy,https://www.indeed.com/cmp/Alloy
newFront End Engineer ll (remote),Amazon.com Services LLC,https://www.indeed.com/cmp/Amazon.com
Software Developer,Architecture Technology Corporation (ATCorp),Link is not available
"newFull-Stack Software Engineer, TikTok User Growth",TikTok,https://www.indeed.com/cmp/Tiktok
newSoftware Engineer,LOCKHEED MARTIN CORPORATION,https://www.indeed.com/cmp/Lockheed-Martin
Web Developer,The New York Times,https://www.indeed.com/cmp/The-New-York-Times
newPython API Developer,Infostretch,https://www.indeed.com/cmp/Infostretch
newSalesforce Junior Developer,CloudMasonry,Link is not available
"newSoftware Development Engineer, AWS SDK for Python","Amazon Dev Center U.S., Inc.",https://www.indeed.com/cmp/Amazon.com
newC++/Perl/Python Linux developer,"JPMorgan Chase Bank, N.A.",https://www.indeed.com/cmp/Chase-2
Junior Software Developer,Democracy Prep Public Schools,https://www.indeed.com/cmp/Democracy-Prep-Public-Schools
newApplication Systems Developer (Python),Columbia University,https://www.indeed.com/cmp/Columbia-University
SENIOR SOFTWARE DEVELOPER,TeamWorld,https://www.indeed.com/cmp/Teamworld-Corporate-Programs-1
newPython Developer,Connvertex Technologies Inc.,Link is not available
newFull-Stack Developer,"William S. Hein & Co., Inc.",Link is not available
AWS Python Developer,Deloitte,https://www.indeed.com/cmp/Deloitte
newAssociate Software Engineer Program - September 2022 - New Y...,Fitch Group,Link is not available
O02 Python Developer,TalentWerx,Link is not available
Software Developer,Architecture Technology Corporation (ATCorp),Link is not available
Full Stack Developer,The Powerline Group,https://www.indeed.com/cmp/The-Powerline-Group
newJunior Application Developer,"Community Bank System, Inc.","https://www.indeed.com/cmp/Community-Bank-System,-Inc."
"General Hiring: Software Engineer,TikTok Product Engineering",TikTok,https://www.indeed.com/cmp/Tiktok
AWS Python Developer,Deloitte,https://www.indeed.com/cmp/Deloitte
newFull-Stack Developer,"William S. Hein & Co., Inc.",Link is not available
JPC - 671 - VueJS Developer or Python Developer,Promantis Inc,Link is not available
SENIOR SOFTWARE DEVELOPER,TeamWorld,https://www.indeed.com/cmp/Teamworld-Corporate-Programs-1
newC++/Perl/Python Linux developer,"JPMorgan Chase Bank, N.A.",https://www.indeed.com/cmp/Chase-2
newPython API Developer,Infostretch,https://www.indeed.com/cmp/Infostretch
newAssociate Software Developer (REMOTE),NYISO,https://www.indeed.com/cmp/Nyiso
"newEngineering Manager, WLAN Drivers, Fuchsia",Google,https://www.indeed.com/cmp/Google
Junior Software Engineer,Alloy,https://www.indeed.com/cmp/Alloy
newFront End Engineer ll (remote),Amazon.com Services LLC,https://www.indeed.com/cmp/Amazon.com
Software Developer,Architecture Technology Corporation (ATCorp),Link is not available
"newFull-Stack Software Engineer, TikTok User Growth",TikTok,https://www.indeed.com/cmp/Tiktok
newSoftware Engineer,LOCKHEED MARTIN CORPORATION,https://www.indeed.com/cmp/Lockheed-Martin
Web Developer,The New York Times,https://www.indeed.com/cmp/The-New-York-Times
